IDArticle;IDSite;Crop;Yield;LastYear;FirstYear;HarvestDate;AgeCrop;SiteYear;Management
1;1;Erianthus;3.4;2009;2009;7-Dec;1;1_2009_2009;High density
1;1;Sorghum halepense;8.9;2009;2009;05-oct;1;1_2009_2009;High density
1;1;Panicum virgatum;9.4;2009;2009;28-sept;1;1_2009_2009;High density
1;1;Saccharum officinarum;13.5;2009;2009;16-nov;1;1_2009_2009;High density
1;1;Zea mays;29.1;2009;2009;17-sept;1;1_2009_2009;High density
1;1;Sorghum bicolor;26.6;2009;2009;23-oct;1;1_2009_2009;High density
1;1;Pennisetum purpureum;52;2009;2009;7-Dec;1;1_2009_2009;High density
1;1;Erianthus;1.7;2009;2009;7-Dec;1;1_2009_2009;Conventional density
1;1;Sorghum halepense;5.3;2009;2009;05-oct;1;1_2009_2009;Conventional density
1;1;Panicum virgatum;8.7;2009;2009;28-sept;1;1_2009_2009;Conventional density
1;1;Saccharum officinarum;15.9;2009;2009;16-nov;1;1_2009_2009;Conventional density
1;1;Zea mays;11.8;2009;2009;17-sept;1;1_2009_2009;Conventional density
1;1;Sorghum bicolor;23.9;2009;2009;23-oct;1;1_2009_2009;Conventional density
1;1;Pennisetum purpureum;54.3;2009;2009;7-Dec;1;1_2009_2009;Conventional density
2;2;Phalaris arundinacea;4;2008;2008;February or March;1;2_2008_2008;No management
2;2;Phalaris arundinacea;8.59;2009;2009;February or March;2;2_2009_2009;No management
2;2;Phalaris arundinacea;0.833;2010;2010;February or March;3;2_2010_2010;No management
2;2;Phalaris arundinacea;5.64;2008;2008;February or March;1;2_2008_2008;No management
2;2;Phalaris arundinacea;9.47;2009;2009;February or March;2;2_2009_2009;No management
2;2;Phalaris arundinacea;0.76;2010;2010;February or March;3;2_2010_2010;No management
2;2;Panicum virgatum;2.52;2008;2008;February or March;1;2_2008_2008;No management
2;2;Panicum virgatum;12.69;2009;2009;February or March;2;2_2009_2009;No management
2;2;Panicum virgatum;8.75;2010;2010;February or March;3;2_2010_2010;No management
2;2;Panicum virgatum;9.54;2011;2011;February or March;4;2_2011_2011;No management
2;2;Miscanthus x giganteus;3.31;2008;2008;February or March;1;2_2008_2008;No management
2;2;Miscanthus x giganteus;15.44;2009;2009;February or March;2;2_2009_2009;No management
2;2;Miscanthus x giganteus;25.72;2010;2010;February or March;3;2_2010_2010;No management
2;2;Miscanthus x giganteus;19.8;2011;2011;February or March;4;2_2011_2011;No management
2;2;Miscanthus sinensis;0.49;2008;2008;February or March;1;2_2008_2008;No management
2;2;Miscanthus sinensis;4.09;2009;2009;February or March;2;2_2009_2009;No management
2;2;Miscanthus sinensis;13.98;2010;2010;February or March;3;2_2010_2010;No management
2;2;Miscanthus sinensis;14.27;2011;2011;February or March;4;2_2011_2011;No management
2;2;Phragmites australis;0.92;2008;2008;February or March;1;2_2008_2008;No management
2;2;Phragmites australis;3.72;2009;2009;February or March;2;2_2009_2009;No management
2;2;Phragmites australis;3.62;2010;2010;February or March;3;2_2010_2010;No management
2;2;Phragmites australis;4.15;2011;2011;February or March;4;2_2011_2011;No management
2;2;Salix;12.5;2010;2008;February or March;3;2_2008_2010;No management
4;3;Arundo donax;4.5;2003;2003;February or March;1;3_2003_2003;I25 N50
4;3;Arundo donax;8;2003;2003;February or March;1;3_2003_2003;I75 N50
4;3;Arundo donax;4.1;2003;2003;February or March;1;3_2003_2003;I25 N100
4;3;Arundo donax;7.8;2003;2003;February or March;1;3_2003_2003;I75 N100
4;3;Arundo donax;22.2;2004;2004;February or March;2;3_2004_2004;I25 N50
4;3;Arundo donax;32.5;2004;2004;February or March;2;3_2004_2004;I75 N50
4;3;Arundo donax;28.5;2004;2004;February or March;2;3_2004_2004;I25 N100
4;3;Arundo donax;41.3;2004;2004;February or March;2;3_2004_2004;I75 N100
4;3;Arundo donax;31.3;2005;2005;February or March;3;3_2005_2005;I25 N50
4;3;Arundo donax;40.5;2005;2005;February or March;3;3_2005_2005;I75 N50
4;3;Arundo donax;40.2;2005;2005;February or March;3;3_2005_2005;I25 N100
4;3;Arundo donax;43;2005;2005;February or March;3;3_2005_2005;I75 N100
4;3;Arundo donax;34.7;2006;2006;February or March;4;3_2006_2006;No management
4;3;Arundo donax;35.2;2006;2006;February or March;4;3_2006_2006;No management
4;3;Arundo donax;34.2;2006;2006;February or March;4;3_2006_2006;No management
4;3;Arundo donax;35.6;2006;2006;February or March;4;3_2006_2006;No management
4;3;Arundo donax;24.1;2007;2007;February or March;5;3_2007_2007;No management
4;3;Arundo donax;24.9;2007;2007;February or March;5;3_2007_2007;No management
4;3;Arundo donax;30.8;2007;2007;February or March;5;3_2007_2007;No management
4;3;Arundo donax;28;2007;2007;February or March;5;3_2007_2007;No management
4;3;Miscanthus x giganteus;1.2;2003;2003;February or March;1;3_2003_2003;I25 N50
4;3;Miscanthus x giganteus;3.5;2003;2003;February or March;1;3_2003_2003;I75 N50
4;3;Miscanthus x giganteus;1.5;2003;2003;February or March;1;3_2003_2003;"I25 N100"
4;3;Miscanthus x giganteus;3.6;2003;2003;February or March;1;3_2003_2003;I75 N100
4;3;Miscanthus x giganteus;12.1;2004;2004;February or March;2;3_2004_2004;I25 N50
4;3;Miscanthus x giganteus;19.5;2004;2004;February or March;2;3_2004_2004;I75 N50
4;3;Miscanthus x giganteus;11;2004;2004;February or March;2;3_2004_2004;I25 N100
4;3;Miscanthus x giganteus;18.9;2004;2004;February or March;2;3_2004_2004;I75 N100
4;3;Miscanthus x giganteus;23.5;2005;2005;February or March;3;3_2005_2005;I25 N50
4;3;Miscanthus x giganteus;29.3;2005;2005;February or March;3;3_2005_2005;I75 N50
4;3;Miscanthus x giganteus;24.1;2005;2005;February or March;3;3_2005_2005;I25 N100
4;3;Miscanthus x giganteus;30.6;2005;2005;February or March;3;3_2005_2005;I75 N100
4;3;Miscanthus x giganteus;26.3;2006;2006;February or March;4;3_2006_2006;No management
4;3;Miscanthus x giganteus;28.8;2006;2006;February or March;4;3_2006_2006;No management
4;3;Miscanthus x giganteus;26.3;2006;2006;February or March;4;3_2006_2006;No management
4;3;Miscanthus x giganteus;26.5;2006;2006;February or March;4;3_2006_2006;No management
4;3;Miscanthus x giganteus;13.2;2007;2007;February or March;5;3_2007_2007;No management
4;3;Miscanthus x giganteus;25.5;2007;2007;February or March;5;3_2007_2007;No management
4;3;Miscanthus x giganteus;12.6;2007;2007;February or March;5;3_2007_2007;No management
4;3;Miscanthus x giganteus;21.4;2007;2007;February or March;5;3_2007_2007;No management
4;3;Cynara cardunculus;23.5;2003;2003;August or September;1;3_2003_2003;I25 N50
4;3;Cynara cardunculus;26.1;2003;2003;August or September;1;3_2003_2003;I75 N50
4;3;Cynara cardunculus;22.6;2003;2003;August or September;1;3_2003_2003;I25 N100
4;3;Cynara cardunculus;26.4;2003;2003;August or September;1;3_2003_2003;I75 N100
4;3;Cynara cardunculus;14.6;2004;2004;August or September;2;3_2004_2004;I25 N50
4;3;Cynara cardunculus;22.5;2004;2004;August or September;2;3_2004_2004;I75 N50
4;3;Cynara cardunculus;14.3;2004;2004;August or September;2;3_2004_2004;I25 N100
4;3;Cynara cardunculus;21.1;2004;2004;August or September;2;3_2004_2004;I75 N100
4;3;Cynara cardunculus;7.1;2005;2005;August or September;3;3_2005_2005;I25 N50
4;3;Cynara cardunculus;9.2;2005;2005;August or September;3;3_2005_2005;I75 N50
4;3;Cynara cardunculus;7.7;2005;2005;August or September;3;3_2005_2005;I25 N100
4;3;Cynara cardunculus;7.9;2005;2005;August or September;3;3_2005_2005;I75 N100
4;3;Cynara cardunculus;0.4;2006;2006;August or September;4;3_2006_2006;No management
4;3;Cynara cardunculus;0.4;2006;2006;August or September;4;3_2006_2006;No management
4;3;Cynara cardunculus;0.7;2006;2006;August or September;4;3_2006_2006;No management
4;3;Cynara cardunculus;0.7;2006;2006;August or September;4;3_2006_2006;No management
5;4;Zea mays;23.37;2007;2007;no information;1;4_2007_2007;No management
5;4;Medicago sativa : Zea mays;21.15;2007;2007;no information;1;4_2007_2007;No management
5;4;Medicago sativa : Zea mays;18.07;2007;2007;no information;1;4_2007_2007;No management
5;4;Medicago sativa : Zea mays;19.81;2007;2007;no information;1;4_2007_2007;No management
5;4;Medicago sativa : Zea mays;22.55;2007;2007;no information;1;4_2007_2007;No management
5;4;Medicago sativa;17.94;2007;2007;no information;1;4_2007_2007;No management
5;4;Zea mays;23.61;2008;2008;no information;2;4_2008_2008;No management
5;4;Medicago sativa : Zea mays;23.65;2008;2008;no information;2;4_2008_2008;No management
5;4;Medicago sativa : Zea mays;23.83;2008;2008;no information;2;4_2008_2008;No management
5;4;Medicago sativa : Zea mays;23.82;2008;2008;no information;2;4_2008_2008;No management
5;4;Medicago sativa : Zea mays;23.32;2008;2008;no information;2;4_2008_2008;No management
5;4;Medicago sativa;21.16;2008;2008;no information;2;4_2008_2008;No management
5;4;Zea mays;23.47;2009;2009;no information;3;4_2009_2009;No management
5;4;Medicago sativa : Zea mays;24.86;2009;2009;no information;3;4_2009_2009;No management
5;4;Medicago sativa : Zea mays;27.14;2009;2009;no information;3;4_2009_2009;No management
5;4;Medicago sativa : Zea mays;28.66;2009;2009;no information;3;4_2009_2009;No management
5;4;Medicago sativa : Zea mays;27.98;2009;2009;no information;3;4_2009_2009;No management
5;4;Medicago sativa;22.04;2009;2009;no information;3;4_2009_2009;No management
7;5;Miscanthus sacchariflorus;0.44;2006;2006;November;0;5_2006_2006;No management
7;5;Miscanthus x giganteus;2.4;2006;2006;November;0;5_2006_2006;No management
7;5;Sida hermaphrodita;2.51;2006;2006;November;0;5_2006_2006;No management
7;5;Salix;2.62;2006;2006;November;0;5_2006_2006;No management
7;5;Salix;1.97;2006;2006;November;0;5_2006_2006;No management
7;5;Miscanthus sacchariflorus;3.81;2007;2007;November;1;5_2007_2007;No management
7;5;Miscanthus x giganteus;14.28;2007;2007;November;1;5_2007_2007;No management
7;5;Sida hermaphrodita;14.47;2007;2007;November;1;5_2007_2007;No management
7;5;Salix;10.62;2007;2007;November;1;5_2007_2007;No management
7;5;Salix;9.02;2007;2007;November;1;5_2007_2007;No management
7;5;Miscanthus sacchariflorus;10.32;2008;2008;November;2;5_2008_2008;No management
7;5;Miscanthus x giganteus;19.77;2008;2008;November;2;5_2008_2008;No management
7;5;Sida hermaphrodita;15.52;2008;2008;November;2;5_2008_2008;No management
7;5;Salix;9;2008;2008;November;2;5_2008_2008;No management
7;5;Salix;8.22;2008;2008;November;2;5_2008_2008;No management
7;5;Miscanthus sacchariflorus;10.12;2009;2009;November;3;5_2009_2009;No management
7;5;Miscanthus x giganteus;29.43;2009;2009;November;3;5_2009_2009;No management
7;5;Sida hermaphrodita;19.66;2009;2009;November;3;5_2009_2009;No management
7;5;Salix;18.41;2009;2009;November;3;5_2009_2009;No management
7;5;Salix;16.15;2009;2009;November;3;5_2009_2009;No management
7;5;Miscanthus x giganteus;4.77;2007;2007;November;1;5_2007_2007;Low density
7;5;Miscanthus x giganteus;9.29;2008;2008;November;2;5_2008_2008;Low density
7;5;Miscanthus x giganteus;14.83;2009;2009;November;3;5_2009_2009;Low density
7;5;Miscanthus x giganteus;14.02;2007;2007;November;1;5_2007_2007;High density
7;5;Miscanthus x giganteus;20.74;2008;2008;November;2;5_2008_2008;High density
7;5;Miscanthus x giganteus;29.17;2009;2009;November;3;5_2009_2009;High density
8;6;Miscanthus x giganteus;9.37;1992;1992;September;0;6_1992_1992;No management
8;6;Miscanthus x giganteus;48.41;1993;1993;September;1;6_1993_1993;No management
8;6;Miscanthus x giganteus;30.5;1994;1994;September;2;6_1994_1994;No management
8;6;Miscanthus x giganteus;33.75;1995;1995;October;3;6_1995_1995;No management
8;6;Miscanthus x giganteus;30.02;1996;1996;October;4;6_1996_1996;No management
8;6;Miscanthus x giganteus;25.42;1997;1997;September;5;6_1997_1997;No management
8;6;Miscanthus x giganteus;30.42;1998;1998;September;6;6_1998_1998;No management
8;6;Miscanthus x giganteus;27.12;1999;1999;September;7;6_1999_1999;No management
8;6;Miscanthus x giganteus;26.01;2000;2000;September;8;6_2000_2000;No management
8;6;Miscanthus x giganteus;19.01;2001;2001;October;9;6_2001_2001;No management
8;6;Miscanthus x giganteus;21.83;2002;2002;October;10;6_2002_2002;No management
8;6;Miscanthus x giganteus;18.75;2003;2003;October;11;6_2003_2003;No management
8;6;Arundo donax;28.79;1992;1992;October;0;6_1992_1992;No management
8;6;Arundo donax;51.68;1993;1993;November;1;6_1993_1993;No management
8;6;Arundo donax;49.26;1994;1994;October;2;6_1994_1994;No management
8;6;Arundo donax;41.82;1995;1995;October;3;6_1995_1995;No management
8;6;Arundo donax;42.02;1996;1996;October;4;6_1996_1996;No management
8;6;Arundo donax;45.27;1997;1997;October;5;6_1997_1997;No management
8;6;Arundo donax;43.94;1998;1998;October;6;6_1998_1998;No management
8;6;Arundo donax;39.34;1999;1999;November;7;6_1999_1999;No management
8;6;Arundo donax;23.4;2000;2000;November;8;6_2000_2000;No management
8;6;Arundo donax;22.07;2001;2001;October;9;6_2001_2001;No management
8;6;Arundo donax;29.03;2002;2002;October;10;6_2002_2002;No management
8;6;Arundo donax;26.17;2003;2003;October;11;6_2003_2003;No management
9;7;Miscanthus x giganteus;2.64;2007;2007;March;1;7_2007_2007;No fertilization
9;7;Miscanthus x giganteus;1.74;2007;2007;March;1;7_2007_2007;Low chicken litter
9;7;Miscanthus x giganteus;1.67;2007;2007;March;1;7_2007_2007;Low sewage cake
9;7;Miscanthus x giganteus;3.71;2007;2007;March;1;7_2007_2007;Low inorganic nitrogen
9;7;Miscanthus x giganteus;1.83;2007;2007;March;1;7_2007_2007;Medium chicken litter
9;7;Miscanthus x giganteus;2.25;2007;2007;March;1;7_2007_2007;Medium sewage cake
9;7;Miscanthus x giganteus;2.88;2007;2007;March;1;7_2007_2007;Medium inorganic nitrogen
9;7;Miscanthus x giganteus;2.08;2007;2007;March;1;7_2007_2007;High chicken litter
9;7;Miscanthus x giganteus;2.25;2007;2007;March;1;7_2007_2007;High sewage cake
9;7;Miscanthus x giganteus;3.85;2007;2007;March;1;7_2007_2007;High inorganic nitrogen
9;7;Phalaris arundinacea;0.82;2007;2007;March;1;7_2007_2007;No fertilization
9;7;Phalaris arundinacea;0.92;2007;2007;March;1;7_2007_2007;Low chicken litter
9;7;Phalaris arundinacea;0.71;2007;2007;March;1;7_2007_2007;Low sewage cake
9;7;Phalaris arundinacea;0.58;2007;2007;March;1;7_2007_2007;Low inorganic nitrogen
9;7;Phalaris arundinacea;0.89;2007;2007;March;1;7_2007_2007;Medium chicken litter
9;7;Phalaris arundinacea;0.66;2007;2007;March;1;7_2007_2007;Medium sewage cake
9;7;Phalaris arundinacea;1.04;2007;2007;March;1;7_2007_2007;Medium inorganic nitrogen
9;7;Phalaris arundinacea;0.7;2007;2007;March;1;7_2007_2007;High chicken litter
9;7;Phalaris arundinacea;0.62;2007;2007;March;1;7_2007_2007;High sewage cake
9;7;Phalaris arundinacea;0.7;2007;2007;March;1;7_2007_2007;High inorganic nitrogen
10;8;Triticum aestivum;6.36;1996;1996;August;1;8_1996_1996;N0
10;8;Triticum aestivum;11.02;1996;1996;August;1;8_1996_1996;N70
10;8;Triticum aestivum;14.29;1996;1996;August;1;8_1996_1996;N140
10;8;Triticum aestivum;10.17;1997;1997;August;2;8_1997_1997;N0
10;8;Triticum aestivum;14.95;1997;1997;August;2;8_1997_1997;N70
10;8;Triticum aestivum;15.92;1997;1997;August;2;8_1997_1997;N140
10;8;Secale cereale;7.37;1996;1996;August;1;8_1996_1996;N0
10;8;Secale cereale;12.72;1996;1996;August;1;8_1996_1996;N70
10;8;Secale cereale;14.56;1996;1996;August;1;8_1996_1996;N140
10;8;Secale cereale;10.86;1997;1997;August;2;8_1997_1997;N0
10;8;Secale cereale;16.04;1997;1997;August;2;8_1997_1997;N70
10;8;Secale cereale;17.08;1997;1997;August;2;8_1997_1997;N140
10;8;Triticosecale;6.49;1996;1996;August;1;8_1996_1996;N0
10;8;Triticosecale;12.68;1996;1996;August;1;8_1996_1996;N70
10;8;Triticosecale;15.29;1996;1996;August;1;8_1996_1996;N140
10;8;Triticosecale;12.27;1997;1997;August;2;8_1997_1997;N0
10;8;Triticosecale;15.12;1997;1997;August;2;8_1997_1997;N70
10;8;Triticosecale;17.61;1997;1997;August;2;8_1997_1997;N140
10;9;Triticum aestivum;10.58;1996;1996;August;1;9_1996_1996;N0
10;9;Triticum aestivum;14.09;1996;1996;August;1;9_1996_1996;N70
10;9;Triticum aestivum;14.63;1996;1996;August;1;9_1996_1996;N140
10;9;Triticum aestivum;6.02;1997;1997;August;2;9_1997_1997;N0
10;9;Triticum aestivum;9.78;1997;1997;August;2;9_1997_1997;N70
10;9;Triticum aestivum;11.23;1997;1997;August;2;9_1997_1997;N140
10;9;Secale cereale;9.69;1996;1996;August;1;9_1996_1996;N0
10;9;Secale cereale;11.7;1996;1996;August;1;9_1996_1996;N70
10;9;Secale cereale;12.74;1996;1996;August;1;9_1996_1996;N140
10;9;Secale cereale;7.04;1997;1997;August;2;9_1997_1997;N0
10;9;Secale cereale;11.12;1997;1997;August;2;9_1997_1997;N70
10;9;Secale cereale;13.2;1997;1997;August;2;9_1997_1997;N140
10;9;Triticosecale;10.42;1996;1996;August;1;9_1996_1996;N0
10;9;Triticosecale;14.36;1996;1996;August;1;9_1996_1996;N70
10;9;Triticosecale;15.1;1996;1996;August;1;9_1996_1996;N140
10;9;Triticosecale;10.08;1997;1997;August;2;9_1997_1997;N0
10;9;Triticosecale;14.14;1997;1997;August;2;9_1997_1997;N70
10;9;Triticosecale;15.36;1997;1997;August;2;9_1997_1997;N140
10;10;Triticum aestivum;5.22;1996;1996;August;1;10_1996_1996;N0
10;10;Triticum aestivum;8.92;1996;1996;August;1;10_1996_1996;N70
10;10;Triticum aestivum;11.22;1996;1996;August;1;10_1996_1996;N140
10;10;Triticum aestivum;4.79;1997;1997;August;2;10_1997_1997;N0
10;10;Triticum aestivum;9.15;1997;1997;August;2;10_1997_1997;N70
10;10;Triticum aestivum;11.57;1997;1997;August;2;10_1997_1997;N140
10;10;Secale cereale;6.48;1996;1996;August;1;10_1996_1996;N0
10;10;Secale cereale;10.8;1996;1996;August;1;10_1996_1996;N70
10;10;Secale cereale;13.06;1996;1996;August;1;10_1996_1996;N140
10;10;Secale cereale;5.96;1997;1997;August;2;10_1997_1997;N0
10;10;Secale cereale;12.84;1997;1997;August;2;10_1997_1997;N70
10;10;Secale cereale;14.3;1997;1997;August;2;10_1997_1997;N140
10;10;Triticosecale;6.41;1996;1996;August;1;10_1996_1996;N0
10;10;Triticosecale;10.05;1996;1996;August;1;10_1996_1996;N70
10;10;Triticosecale;11.75;1996;1996;August;1;10_1996_1996;N140
10;10;Triticosecale;3.58;1997;1997;August;2;10_1997_1997;N0
10;10;Triticosecale;10.98;1997;1997;August;2;10_1997_1997;N70
10;10;Triticosecale;12.13;1997;1997;August;2;10_1997_1997;N140
11;11;Medicago sativa;4.798;2003;2003;no information;1;11_2003_2003;First year
11;11;Medicago sativa : Sorghum bicolor;10.699;2003;2003;no information;1;11_2003_2003;First year
11;11;Medicago sativa : Sorghum bicolor;12.703;2003;2003;no information;1;11_2003_2003;First year
11;11;Medicago sativa : Sorghum bicolor;15.892;2003;2003;no information;1;11_2003_2003;First year
11;11;Sorghum bicolor;18.815;2003;2003;no information;1;11_2003_2003;First year
11;11;Medicago sativa;20.888;2004;2004;no information;2;11_2004_2004;Second year
11;11;Medicago sativa : Sorghum bicolor;17.708;2004;2004;no information;2;11_2004_2004;Second year
11;11;Medicago sativa : Sorghum bicolor;15.219;2004;2004;no information;2;11_2004_2004;Second year
11;11;Medicago sativa : Sorghum bicolor;16.894;2004;2004;no information;2;11_2004_2004;Second year
11;11;Sorghum bicolor;15.477;2004;2004;no information;2;11_2004_2004;Second year
11;11;Medicago sativa;17.879;2005;2005;no information;3;11_2005_2005;Third year
11;11;Medicago sativa : Sorghum bicolor;16.352;2005;2005;no information;3;11_2005_2005;Third year
11;11;Medicago sativa : Sorghum bicolor;13.235;2005;2005;no information;3;11_2005_2005;Third year
11;11;Medicago sativa : Sorghum bicolor;3.308;2005;2005;no information;3;11_2005_2005;Third year
11;11;Sorghum bicolor;3.976;2005;2005;no information;3;11_2005_2005;Third year
12;12;Medicago sativa;14.23;1989;1989;June July September;1;12_1989_1989;No fertilization
12;12;Medicago sativa;13.34;1990;1990;June July September;2;12_1990_1990;No fertilization
12;12;Medicago sativa;11.36;1991;1991;June July September;3;12_1991_1991;No fertilization
12;12;Medicago sativa;9.04;1992;1992;June July September;4;12_1992_1992;No fertilization
12;12;Phalaris arundinacea;6.4;1989;1989;June October;1;12_1989_1989;Low N fertilization
12;12;Sorghum bicolor;17.76;1989;1989;no information;1;12_1989_1989;Low N fertilization
12;12;Sorghum bicolor;16.2;1989;1989;no information;1;12_1989_1989;Low N fertilization
12;12;Medicago sativa : Sorghum bicolor;18.62;1989;1989;May or June;1;12_1989_1989;Low N fertilization
12;12;Medicago sativa : Sorghum bicolor;19.96;1989;1989;May or June;1;12_1989_1989;Low N fertilization
12;12;Phalaris arundinacea : Sorghum bicolor;8.27;1989;1989;May or June;1;12_1989_1989;Low N fertilization
12;12;Phalaris arundinacea : Sorghum bicolor;9.48;1989;1989;May or June;1;12_1989_1989;Low N fertilization
12;12;Phalaris arundinacea;7.93;1990;1990;no information;2;12_1990_1990;Low N fertilization
12;12;Sorghum bicolor;16.87;1990;1990;no information;2;12_1990_1990;Low N fertilization
12;12;Sorghum bicolor;12.57;1990;1990;no information;2;12_1990_1990;Low N fertilization
12;12;Medicago sativa : Sorghum bicolor;16.43;1990;1990;August;2;12_1990_1990;Low N fertilization
12;12;Medicago sativa : Sorghum bicolor;14.99;1990;1990;September;2;12_1990_1990;Low N fertilization
12;12;Phalaris arundinacea : Sorghum bicolor;9.04;1990;1990;October;2;12_1990_1990;Low N fertilization
12;12;Phalaris arundinacea : Sorghum bicolor;9.26;1990;1990;November;2;12_1990_1990;Low N fertilization
12;12;Phalaris arundinacea;7.51;1991;1991;no information;3;12_1991_1991;Low N fertilization
12;12;Sorghum bicolor;18.43;1991;1991;no information;3;12_1991_1991;Low N fertilization
12;12;Sorghum bicolor;17.98;1991;1991;no information;3;12_1991_1991;Low N fertilization
12;12;Medicago sativa : Sorghum bicolor;19.19;1991;1991;October;3;12_1991_1991;Low N fertilization
12;12;Medicago sativa : Sorghum bicolor;18.85;1991;1991;October;3;12_1991_1991;Low N fertilization
12;12;Phalaris arundinacea : Sorghum bicolor;12.03;1991;1991;October;3;12_1991_1991;Low N fertilization
12;12;Phalaris arundinacea : Sorghum bicolor;11.81;1991;1991;October;3;12_1991_1991;Low N fertilization
12;12;Phalaris arundinacea;4.96;1992;1992;no information;4;12_1992_1992;Low N fertilization
12;12;Sorghum bicolor;19.51;1992;1992;no information;4;12_1992_1992;Low N fertilization
12;12;Sorghum bicolor;16.65;1992;1992;no information;4;12_1992_1992;Low N fertilization
12;12;Medicago sativa : Sorghum bicolor;12.25;1992;1992;no information;4;12_1992_1992;Low N fertilization
12;12;Medicago sativa : Sorghum bicolor;11.36;1992;1992;no information;4;12_1992_1992;Low N fertilization
12;12;Phalaris arundinacea : Sorghum bicolor;8.05;1992;1992;no information;4;12_1992_1992;Low N fertilization
12;12;Phalaris arundinacea : Sorghum bicolor;7.83;1992;1992;no information;4;12_1992_1992;Low N fertilization
12;12;Phalaris arundinacea;8.72;1989;1989;no information;1;12_1989_1989;High N fertilization
12;12;Sorghum bicolor;16.87;1989;1989;no information;1;12_1989_1989;High N fertilization
12;12;Sorghum bicolor;17.98;1989;1989;no information;1;12_1989_1989;High N fertilization
12;12;Medicago sativa : Sorghum bicolor;17.54;1989;1989;no information;1;12_1989_1989;High N fertilization
12;12;Medicago sativa : Sorghum bicolor;17.98;1989;1989;no information;1;12_1989_1989;High N fertilization
12;12;Phalaris arundinacea : Sorghum bicolor;10.47;1989;1989;no information;1;12_1989_1989;High N fertilization
12;12;Phalaris arundinacea : Sorghum bicolor;11.14;1989;1989;no information;1;12_1989_1989;High N fertilization
12;12;Phalaris arundinacea;11.36;1990;1990;no information;2;12_1990_1990;High N fertilization
12;12;Sorghum bicolor;22.82;1990;1990;no information;2;12_1990_1990;High N fertilization
12;12;Sorghum bicolor;16.87;1990;1990;no information;2;12_1990_1990;High N fertilization
12;12;Medicago sativa : Sorghum bicolor;17.09;1990;1990;no information;2;12_1990_1990;High N fertilization
12;12;Medicago sativa : Sorghum bicolor;16.99;1990;1990;no information;2;12_1990_1990;High N fertilization
12;12;Phalaris arundinacea : Sorghum bicolor;11.46;1990;1990;no information;2;12_1990_1990;High N fertilization
12;12;Phalaris arundinacea : Sorghum bicolor;11.14;1990;1990;no information;2;12_1990_1990;High N fertilization
12;12;Phalaris arundinacea;8.72;1991;1991;no information;3;12_1991_1991;High N fertilization
12;12;Sorghum bicolor;18.2;1991;1991;no information;3;12_1991_1991;High N fertilization
12;12;Sorghum bicolor;18.43;1991;1991;no information;3;12_1991_1991;High N fertilization
12;12;Medicago sativa : Sorghum bicolor;19.86;1991;1991;no information;3;12_1991_1991;High N fertilization
12;12;Medicago sativa : Sorghum bicolor;18.85;1991;1991;no information;3;12_1991_1991;High N fertilization
12;12;Phalaris arundinacea : Sorghum bicolor;14.89;1991;1991;no information;3;12_1991_1991;High N fertilization
12;12;Phalaris arundinacea : Sorghum bicolor;14.89;1991;1991;no information;3;12_1991_1991;High N fertilization
12;12;Phalaris arundinacea;7.51;1992;1992;no information;4;12_1992_1992;High N fertilization
12;12;Sorghum bicolor;19.19;1992;1992;no information;4;12_1992_1992;High N fertilization
12;12;Sorghum bicolor;17.19;1992;1992;no information;4;12_1992_1992;High N fertilization
12;12;Medicago sativa : Sorghum bicolor;13.12;1992;1992;no information;4;12_1992_1992;High N fertilization
12;12;Medicago sativa : Sorghum bicolor;12.03;1992;1992;no information;4;12_1992_1992;High N fertilization
12;12;Phalaris arundinacea : Sorghum bicolor;10.47;1992;1992;no information;4;12_1992_1992;High N fertilization
12;12;Phalaris arundinacea : Sorghum bicolor;10.92;1992;1992;no information;4;12_1992_1992;High N fertilization
12;13;Medicago sativa;10.25;1990;1989;no information;2_3;13_1989_1990;Average low and high N fertilization
12;13;Sorghum bicolor;20.62;1990;1989;no information;2_3;13_1989_1990;Average low and high N fertilization
12;13;Sorghum bicolor;19.19;1990;1989;no information;2_3;13_1989_1990;Average low and high N fertilization
12;13;Medicago sativa : Sorghum bicolor;12.35;1990;1989;no information;2_3;13_1989_1990;Average low and high N fertilization
12;13;Medicago sativa : Sorghum bicolor;13.63;1990;1989;no information;2_3;13_1989_1990;Average low and high N fertilization
13;14;Dactylis glomerata;7.35;1999;1994;no information;no information;14_1994_1999;No fertilization
13;14;Salix;4.61;1999;1994;no information;no information;14_1994_1999;No fertilization
13;14;Populus;5.4;1999;1994;no information;no information;14_1994_1999;No fertilization
13;14;Populus;10.05;1999;1994;no information;no information;14_1994_1999;No fertilization
13;14;Populus;4.89;1999;1994;no information;no information;14_1994_1999;No fertilization
13;14;Secale montanum;6.36;1999;1994;no information;no information;14_1994_1999;No fertilization
13;14;Helianthus tuberosus;3.62;1999;1994;no information;no information;14_1994_1999;No fertilization
13;14;Secale cereale;9.62;1999;1994;no information;no information;14_1994_1999;No fertilization
13;14;Triticosecale;8.15;1999;1994;no information;no information;14_1994_1999;No fertilization
13;14;Cannabis sativa;6.64;1999;1994;no information;no information;14_1994_1999;No fertilization
13;14;Dactylis glomerata;9.89;1999;1994;no information;no information;14_1994_1999;N75
13;14;Salix;7.19;1999;1994;no information;no information;14_1994_1999;N75
13;14;Populus;8.11;1999;1994;no information;no information;14_1994_1999;N75
13;14;Populus;10.73;1999;1994;no information;no information;14_1994_1999;N75
13;14;Populus;6.68;1999;1994;no information;no information;14_1994_1999;N75
13;14;Secale montanum;8.66;1999;1994;no information;no information;14_1994_1999;N75
13;14;Helianthus tuberosus;5.25;1999;1994;no information;no information;14_1994_1999;N75
13;14;Secale cereale;11.76;1999;1994;no information;no information;14_1994_1999;N75
13;14;Triticosecale;10.05;1999;1994;no information;no information;14_1994_1999;N75
13;14;Cannabis sativa;9.62;1999;1994;no information;no information;14_1994_1999;N75
13;14;Dactylis glomerata;10.89;1999;1994;no information;no information;14_1994_1999;N75
13;14;Salix;8.46;1999;1994;no information;no information;14_1994_1999;N75
13;14;Populus;8.54;1999;1994;no information;no information;14_1994_1999;N75
13;14;Populus;11.84;1999;1994;no information;no information;14_1994_1999;N75
13;14;Populus;7.15;1999;1994;no information;no information;14_1994_1999;N75
13;14;Secale montanum;10.41;1999;1994;no information;no information;14_1994_1999;N75
13;14;Helianthus tuberosus;6.6;1999;1994;no information;no information;14_1994_1999;N75
13;14;Secale cereale;13.23;1999;1994;no information;no information;14_1994_1999;N75
13;14;Triticosecale;11.25;1999;1994;no information;no information;14_1994_1999;N75
13;14;Cannabis sativa;10.85;1999;1994;no information;no information;14_1994_1999;N75
13;14;Dactylis glomerata;12.52;1999;1994;no information;no information;14_1994_1999;N150
13;14;Salix;10.13;1999;1994;no information;no information;14_1994_1999;N150
13;14;Populus;9.77;1999;1994;no information;no information;14_1994_1999;N150
13;14;Populus;13.63;1999;1994;no information;no information;14_1994_1999;N150
13;14;Populus;7.51;1999;1994;no information;no information;14_1994_1999;N150
13;14;Secale montanum;12;1999;1994;no information;no information;14_1994_1999;N150
13;14;Helianthus tuberosus;7.63;1999;1994;no information;no information;14_1994_1999;N150
13;14;Secale cereale;15.26;1999;1994;no information;no information;14_1994_1999;N150
13;14;Triticosecale;12.83;1999;1994;no information;no information;14_1994_1999;N150
13;14;Cannabis sativa;11.84;1999;1994;no information;no information;14_1994_1999;N150
14;15;Salix;14.84;2005;2002;winter time;0_3;15_2002_2005;No fertilization
14;15;Salix;14.02;2005;2002;winter time;0_3;15_2002_2005;Medium N fertilization
14;15;Salix;15.23;2005;2002;winter time;0_3;15_2002_2005;High N fertilization
14;15;Miscanthus x giganteus;14.42;2005;2002;winter time;0_3;15_2002_2005;No fertilization
14;15;Miscanthus x giganteus;16.52;2005;2002;winter time;0_3;15_2002_2005;Medium N fertilization
14;15;Miscanthus x giganteus;18.1;2005;2002;winter time;0_3;15_2002_2005;High N fertilization
14;15;Panicum virgatum;8.38;2005;2002;winter time;0_3;15_2002_2005;No fertilization
14;15;Panicum virgatum;11.83;2005;2002;winter time;0_3;15_2002_2005;Medium N fertilization
14;15;Panicum virgatum;14.09;2005;2002;winter time;0_3;15_2002_2005;High N fertilization
14;15;Triticosecale;7.87;2004;2004;winter time;1;15_2004_2004;No fertilization
14;15;Triticosecale;18.58;2004;2004;winter time;1;15_2004_2004;Medium N fertilization
14;15;Triticosecale;20.87;2004;2004;winter time;1;15_2004_2004;High N fertilization
14;15;Triticosecale;7.55;2004;2004;winter time;1;15_2004_2004;No fertilization
14;15;Triticosecale;16.03;2004;2004;winter time;1;15_2004_2004;Medium N fertilization
14;15;Triticosecale;20.18;2004;2004;winter time;1;15_2004_2004;High N fertilization
15;16;Festuca arundinacea;2.94;1983;1983;June or July and October;1;16_1983_1983;N0
15;16;Festuca arundinacea;4.86;1983;1983;June or July and October;1;16_1983_1983;N45
15;16;Festuca arundinacea;7.06;1983;1983;June or July and October;1;16_1983_1983;N70
15;16;Festuca arundinacea;2.64;1984;1984;June or July and October;2;16_1984_1984;N0
15;16;Festuca arundinacea;6.06;1984;1984;June or July and October;2;16_1984_1984;N45
15;16;Festuca arundinacea;8.52;1984;1984;June or July and October;2;16_1984_1984;N70
15;16;Festuca arundinacea;3.39;1985;1985;June or July and October;3;16_1985_1985;N0
15;16;Festuca arundinacea;6.69;1985;1985;June or July and October;3;16_1985_1985;N45
15;16;Festuca arundinacea;9.92;1985;1985;June or July and October;3;16_1985_1985;N70
15;17;Festuca arundinacea;1.18;1983;1983;June or July and October;1;17_1983_1983;N0
15;17;Festuca arundinacea;2.57;1983;1983;June or July and October;1;17_1983_1983;N45
15;17;Festuca arundinacea;3.21;1983;1983;June or July and October;1;17_1983_1983;N70
15;17;Festuca arundinacea;2.92;1984;1984;June or July and October;2;17_1984_1984;N0
15;17;Festuca arundinacea;6.33;1984;1984;June or July and October;2;17_1984_1984;N45
15;17;Festuca arundinacea;7.42;1984;1984;June or July and October;2;17_1984_1984;N70
15;17;Festuca arundinacea;2.38;1985;1985;June or July and October;3;17_1985_1985;N0
15;17;Festuca arundinacea;4.83;1985;1985;June or July and October;3;17_1985_1985;N45
15;17;Festuca arundinacea;7.41;1985;1985;June or July and October;3;17_1985_1985;N70
15;17;Panicum virgatum;4.77;1983;1983;June or July;1;17_1983_1983;N0
15;17;Panicum virgatum;5.57;1983;1983;June or July;1;17_1983_1983;N90
15;17;Panicum virgatum;7.01;1983;1983;June or July;1;17_1983_1983;N180
15;17;Panicum virgatum;4.78;1984;1984;June or July;2;17_1984_1984;N0
15;17;Panicum virgatum;9.24;1984;1984;June or July;2;17_1984_1984;N90
15;17;Panicum virgatum;9.78;1984;1984;June or July;2;17_1984_1984;N180
15;17;Panicum virgatum;7.02;1985;1985;June or July;3;17_1985_1985;N0
15;17;Panicum virgatum;11.8;1985;1985;June or July;3;17_1985_1985;N90
15;17;Panicum virgatum;12.5;1985;1985;June or July;3;17_1985_1985;N180
15;18;Festuca arundinacea;0.65;1983;1983;June or July and October;1;18_1983_1983;N0
15;18;Festuca arundinacea;2;1983;1983;June or July and October;1;18_1983_1983;N45
15;18;Festuca arundinacea;3.04;1983;1983;June or July and October;1;18_1983_1983;N70
15;18;Festuca arundinacea;1.33;1984;1984;June or July and October;2;18_1984_1984;N0
15;18;Festuca arundinacea;4.81;1984;1984;June or July and October;2;18_1984_1984;N45
15;18;Festuca arundinacea;6.74;1984;1984;June or July and October;2;18_1984_1984;N70
15;18;Festuca arundinacea;2.19;1985;1985;June or July and October;3;18_1985_1985;N0
15;18;Festuca arundinacea;4.24;1985;1985;June or July and October;3;18_1985_1985;N45
15;18;Festuca arundinacea;6.86;1985;1985;June or July and October;3;18_1985_1985;N70
15;18;Panicum virgatum;2.85;1983;1983;June or July;1;18_1983_1983;N0
15;18;Panicum virgatum;3.37;1983;1983;June or July;1;18_1983_1983;N90
15;18;Panicum virgatum;4.41;1983;1983;June or July;1;18_1983_1983;N180
15;18;Panicum virgatum;2.82;1984;1984;June or July;2;18_1984_1984;N0
15;18;Panicum virgatum;5.64;1984;1984;June or July;2;18_1984_1984;N90
15;18;Panicum virgatum;7.16;1984;1984;June or July;2;18_1984_1984;N180
15;18;Panicum virgatum;4.75;1985;1985;June or July;3;18_1985_1985;N0
15;18;Panicum virgatum;10.9;1985;1985;June or July;3;18_1985_1985;N90
15;18;Panicum virgatum;11.8;1985;1985;June or July;3;18_1985_1985;N180
16;19;Phleum pratense;6.97;2002;2002;June;1;19_2002_2002;No management
16;19;Phleum pratense;8.03;2002;2002;June;2;19_2002_2002;No management
16;19;Phleum pratense;7.07;2002;2002;June;3;19_2002_2002;No management
16;19;Phleum pratense : Festuca arundinacea;7.67;2002;2002;June;1;19_2002_2002;No management
16;19;Phleum pratense : Festuca arundinacea;9.79;2002;2002;June;2;19_2002_2002;No management
16;19;Phleum pratense : Festuca arundinacea;8.39;2002;2002;June;3;19_2002_2002;No management
16;19;Phleum pratense : Trifolium pratense;6.45;2002;2002;June;1;19_2002_2002;No management
16;19;Phleum pratense : Trifolium pratense;7.6;2002;2002;June;2;19_2002_2002;No management
16;19;Phleum pratense : Trifolium pratense;5.44;2002;2002;June;3;19_2002_2002;No management
16;19;Phleum pratense;8.88;2003;2003;June and August;2;19_2003_2003;No management
16;19;Phleum pratense;8;2003;2003;June and August;3;19_2003_2003;No management
16;19;Phleum pratense;5.6;2003;2003;June and August;4;19_2003_2003;No management
16;19;Phleum pratense : Festuca arundinacea;9.26;2003;2003;June and August;2;19_2003_2003;No management
16;19;Phleum pratense : Festuca arundinacea;10.5;2003;2003;June and August;3;19_2003_2003;No management
16;19;Phleum pratense : Festuca arundinacea;8.38;2003;2003;June and August;4;19_2003_2003;No management
16;19;Phleum pratense : Trifolium pratense;7.51;2003;2003;June and August;2;19_2003_2003;No management
16;19;Phleum pratense : Trifolium pratense;6.47;2003;2003;June and August;3;19_2003_2003;No management
16;19;Phleum pratense : Trifolium pratense;4.95;2003;2003;June and August;4;19_2003_2003;No management
17;20;Typha latifolia;2;2010;2010;no information;1;20_2010_2010;Wastewater
17;20;Typha latifolia;1.3;2010;2010;no information;1;20_2010_2010;Conventional water
17;20;Arundo donax;45.4;2010;2010;no information;1;20_2010_2010;Wastewater
17;20;Arundo donax;46.5;2010;2010;no information;1;20_2010_2010;Conventional water
17;20;Phragmites australis;2.8;2010;2010;no information;1;20_2010_2010;Wastewater
17;20;Phragmites australis;2.7;2010;2010;no information;1;20_2010_2010;Conventional water
18;21;Trifolium pratense;7.98;2004;2004;29 june and 16 august;1;21_2004_2004;Organic fertilizer
18;21;Trifolium pratense;8.49;2004;2004;29 june and 16 august;1;21_2004_2004;Mineral fertilizer
18;21;Trifolium pratense : Phleum pratense;8.64;2004;2004;29 june and 16 august;1;21_2004_2004;Organic fertilizer
18;21;Trifolium pratense : Phleum pratense;7.99;2004;2004;29 june and 16 august;1;21_2004_2004;Mineral fertilizer
18;21;Trifolium pratense : Festuca arundinacea;7.99;2004;2004;29 june and 16 august;1;21_2004_2004;Organic fertilizer
18;21;Trifolium pratense : Festuca arundinacea;7.19;2004;2004;29 june and 16 august;1;21_2004_2004;Mineral fertilizer
18;21;Trifolium pratense : Festuca arundinacea : Phleum pratense;7.95;2004;2004;29 june and 16 august;1;21_2004_2004;Organic fertilizer
18;21;Trifolium pratense : Festuca arundinacea : Phleum pratense;7.6;2004;2004;29 june and 16 august;1;21_2004_2004;Mineral fertilizer
18;21;Trifolium pratense;7.6;2004;2004;29 june and 16 august;1;21_2004_2004;Organic fertilizer
18;21;Trifolium pratense;5.89;2004;2004;29 june and 16 august;1;21_2004_2004;Mineral fertilizer
18;21;Trifolium pratense : Phleum pratense;7.4;2004;2004;29 june and 16 august;1;21_2004_2004;Organic fertilizer
18;21;Trifolium pratense : Phleum pratense;7.25;2004;2004;29 june and 16 august;1;21_2004_2004;Mineral fertilizer
18;21;Trifolium pratense : Festuca arundinacea;8.11;2004;2004;29 june and 16 august;1;21_2004_2004;Organic fertilizer
18;21;Trifolium pratense : Festuca arundinacea;6.81;2004;2004;29 june and 16 august;1;21_2004_2004;Mineral fertilizer
18;21;Trifolium pratense : Festuca arundinacea : Phleum pratense;7.96;2004;2004;29 june and 16 august;1;21_2004_2004;Organic fertilizer
18;21;Trifolium pratense : Festuca arundinacea : Phleum pratense;7.31;2004;2004;29 june and 16 august;1;21_2004_2004;Mineral fertilizer
18;21;Trifolium pratense;7.82;2004;2004;29 june and 16 august;1;21_2004_2004;Organic fertilizer
18;21;Trifolium pratense;8.52;2004;2004;29 june and 16 august;1;21_2004_2004;Mineral fertilizer
18;21;Trifolium pratense : Phleum pratense;8.63;2004;2004;29 june and 16 august;1;21_2004_2004;Organic fertilizer
18;21;Trifolium pratense : Phleum pratense;8.38;2004;2004;29 june and 16 august;1;21_2004_2004;Mineral fertilizer
18;21;Trifolium pratense : Festuca arundinacea;7.53;2004;2004;29 june and 16 august;1;21_2004_2004;Organic fertilizer
18;21;Trifolium pratense : Festuca arundinacea;7.33;2004;2004;29 june and 16 august;1;21_2004_2004;Mineral fertilizer
18;21;Trifolium pratense : Festuca arundinacea : Phleum pratense;8.79;2004;2004;29 june and 16 august;1;21_2004_2004;Organic fertilizer
18;21;Trifolium pratense : Festuca arundinacea : Phleum pratense;8.19;2004;2004;29 june and 16 august;1;21_2004_2004;Mineral fertilizer
18;21;Trifolium pratense;4.01;2005;2005;27 june and 23 august;2;21_2005_2005;Organic fertilizer
18;21;Trifolium pratense;3.12;2005;2005;27 june and 23 august;2;21_2005_2005;Mineral fertilizer
18;21;Trifolium pratense : Phleum pratense;6.56;2005;2005;27 june and 23 august;2;21_2005_2005;Organic fertilizer
18;21;Trifolium pratense : Phleum pratense;7.99;2005;2005;27 june and 23 august;2;21_2005_2005;Mineral fertilizer
18;21;Trifolium pratense : Festuca arundinacea;5.4;2005;2005;27 june and 23 august;2;21_2005_2005;Organic fertilizer
18;21;Trifolium pratense : Festuca arundinacea;7.14;2005;2005;27 june and 23 august;2;21_2005_2005;Mineral fertilizer
18;21;Trifolium pratense : Festuca arundinacea : Phleum pratense;6.78;2005;2005;27 june and 23 august;2;21_2005_2005;Organic fertilizer
18;21;Trifolium pratense : Festuca arundinacea : Phleum pratense;8.39;2005;2005;27 june and 23 august;2;21_2005_2005;Mineral fertilizer
18;21;Trifolium pratense;5.26;2005;2005;27 june and 23 august;2;21_2005_2005;Organic fertilizer
18;21;Trifolium pratense;4.73;2005;2005;27 june and 23 august;2;21_2005_2005;Mineral fertilizer
18;21;Trifolium pratense : Phleum pratense;7.49;2005;2005;27 june and 23 august;2;21_2005_2005;Organic fertilizer
18;21;Trifolium pratense : Phleum pratense;9.1;2005;2005;27 june and 23 august;2;21_2005_2005;Mineral fertilizer
18;21;Trifolium pratense : Festuca arundinacea;7.18;2005;2005;27 june and 23 august;2;21_2005_2005;Organic fertilizer
18;21;Trifolium pratense : Festuca arundinacea;8.88;2005;2005;27 june and 23 august;2;21_2005_2005;Mineral fertilizer
18;21;Trifolium pratense : Festuca arundinacea : Phleum pratense;7.85;2005;2005;27 june and 23 august;2;21_2005_2005;Organic fertilizer
18;21;Trifolium pratense : Festuca arundinacea : Phleum pratense;9.68;2005;2005;27 june and 23 august;2;21_2005_2005;Mineral fertilizer
18;21;Trifolium pratense;4.86;2005;2005;27 june and 23 august;2;21_2005_2005;Organic fertilizer
18;21;Trifolium pratense;4.37;2005;2005;27 june and 23 august;2;21_2005_2005;Mineral fertilizer
18;21;Trifolium pratense : Phleum pratense;6.74;2005;2005;27 june and 23 august;2;21_2005_2005;Organic fertilizer
18;21;Trifolium pratense : Phleum pratense;8.65;2005;2005;27 june and 23 august;2;21_2005_2005;Mineral fertilizer
18;21;Trifolium pratense : Festuca arundinacea;6.47;2005;2005;27 june and 23 august;2;21_2005_2005;Organic fertilizer
18;21;Trifolium pratense : Festuca arundinacea;7.41;2005;2005;27 june and 23 august;2;21_2005_2005;Mineral fertilizer
18;21;Trifolium pratense : Festuca arundinacea : Phleum pratense;7.49;2005;2005;27 june and 23 august;2;21_2005_2005;Organic fertilizer
18;21;Trifolium pratense : Festuca arundinacea : Phleum pratense;8.83;2005;2005;27 june and 23 august;2;21_2005_2005;Mineral fertilizer
18;21;Trifolium pratense;0.48;2006;2006;26 june and 29 august;3;21_2006_2006;Organic fertilizer
18;21;Trifolium pratense;0.68;2006;2006;26 june and 29 august;3;21_2006_2006;Mineral fertilizer
18;21;Trifolium pratense : Phleum pratense;0.82;2006;2006;26 june and 29 august;3;21_2006_2006;Organic fertilizer
18;21;Trifolium pratense : Phleum pratense;0.68;2006;2006;26 june and 29 august;3;21_2006_2006;Mineral fertilizer
18;21;Trifolium pratense : Festuca arundinacea;3.58;2006;2006;26 june and 29 august;3;21_2006_2006;Organic fertilizer
18;21;Trifolium pratense : Festuca arundinacea;6.15;2006;2006;26 june and 29 august;3;21_2006_2006;Mineral fertilizer
18;21;Trifolium pratense : Festuca arundinacea : Phleum pratense;3.92;2006;2006;26 june and 29 august;3;21_2006_2006;Organic fertilizer
18;21;Trifolium pratense : Festuca arundinacea : Phleum pratense;5.61;2006;2006;26 june and 29 august;3;21_2006_2006;Mineral fertilizer
18;21;Trifolium pratense;1.94;2006;2006;26 june and 29 august;3;21_2006_2006;Organic fertilizer
18;21;Trifolium pratense;1.55;2006;2006;26 june and 29 august;3;21_2006_2006;Mineral fertilizer
18;21;Trifolium pratense : Phleum pratense;3.73;2006;2006;26 june and 29 august;3;21_2006_2006;Organic fertilizer
18;21;Trifolium pratense : Phleum pratense;5.37;2006;2006;26 june and 29 august;3;21_2006_2006;Mineral fertilizer
18;21;Trifolium pratense : Festuca arundinacea;4.45;2006;2006;26 june and 29 august;3;21_2006_2006;Organic fertilizer
18;21;Trifolium pratense : Festuca arundinacea;6.77;2006;2006;26 june and 29 august;3;21_2006_2006;Mineral fertilizer
18;21;Trifolium pratense : Festuca arundinacea : Phleum pratense;4.45;2006;2006;26 june and 29 august;3;21_2006_2006;Organic fertilizer
18;21;Trifolium pratense : Festuca arundinacea : Phleum pratense;6.53;2006;2006;26 june and 29 august;3;21_2006_2006;Mineral fertilizer
18;21;Trifolium pratense;1.11;2006;2006;26 june and 29 august;3;21_2006_2006;Organic fertilizer
18;21;Trifolium pratense;1.26;2006;2006;26 june and 29 august;3;21_2006_2006;Mineral fertilizer
18;21;Trifolium pratense : Phleum pratense;3.34;2006;2006;26 june and 29 august;3;21_2006_2006;Organic fertilizer
18;21;Trifolium pratense : Phleum pratense;4.65;2006;2006;26 june and 29 august;3;21_2006_2006;Mineral fertilizer
18;21;Trifolium pratense : Festuca arundinacea;3.82;2006;2006;26 june and 29 august;3;21_2006_2006;Organic fertilizer
18;21;Trifolium pratense : Festuca arundinacea;6.34;2006;2006;26 june and 29 august;3;21_2006_2006;Mineral fertilizer
18;21;Trifolium pratense : Festuca arundinacea : Phleum pratense;3.77;2006;2006;26 june and 29 august;3;21_2006_2006;Organic fertilizer
18;21;Trifolium pratense : Festuca arundinacea : Phleum pratense;5.76;2006;2006;26 june and 29 august;3;21_2006_2006;Mineral fertilizer
19;22;Miscanthus x giganteus;18.9;1995;1995;February;4;22_1995_1995;No management
19;22;Spartina cynosuroides;13.4;1995;1995;February;4;22_1995_1995;No management
20;23;Miscanthus x giganteus;29.4;1994;1994;September;3;23_1994_1994;Rainfed
20;23;Miscanthus x giganteus;30.4;1994;1994;September;3;23_1994_1994;Irrigated
20;23;Spartina cynosuroides;18.9;1994;1994;September;3;23_1994_1994;Rainfed
20;23;Spartina cynosuroides;15.6;1994;1994;September;3;23_1994_1994;Irrigated
21;24;Dactylis glomerata;8;2009;1994;no information;no information;24_1994_2009;N150
21;24;Salix;8.1;2009;1994;no information;no information;24_1994_2009;N150
21;24;Populus;7.8;2009;1994;no information;no information;24_1994_2009;N150
21;24;Populus;9.9;2009;1994;no information;no information;24_1994_2009;N150
21;24;Populus;5.4;2009;1994;no information;no information;24_1994_2009;N150
21;24;Secale montanum;8.5;2009;1994;no information;no information;24_1994_2009;N150
21;24;Helianthus tuberosus;4.2;2009;1994;no information;no information;24_1994_2009;N150
21;24;Secale cereale;8.7;2009;1994;no information;no information;24_1994_2009;N150
21;24;Triticosecale;8.3;2009;1994;no information;no information;24_1994_2009;N150
21;24;Cannabis sativa;9.8;2009;1994;no information;no information;24_1994_2009;N150
21;24;Dactylis glomerata;7.2;2009;1994;no information;no information;24_1994_2009;N75
21;24;Salix;7.1;2009;1994;no information;no information;24_1994_2009;N75
21;24;Populus;7.9;2009;1994;no information;no information;24_1994_2009;N75
21;24;Populus;10;2009;1994;no information;no information;24_1994_2009;N75
21;24;Populus;6.5;2009;1994;no information;no information;24_1994_2009;N75
21;24;Secale montanum;8;2009;1994;no information;no information;24_1994_2009;N75
21;24;Helianthus tuberosus;4.1;2009;1994;no information;no information;24_1994_2009;N75
21;24;Secale cereale;8.1;2009;1994;no information;no information;24_1994_2009;N75
21;24;Triticosecale;8;2009;1994;no information;no information;24_1994_2009;N75
21;24;Cannabis sativa;9.1;2009;1994;no information;no information;24_1994_2009;N75
21;24;Dactylis glomerata;7.3;2009;1994;no information;no information;24_1994_2009;N75
21;24;Salix;8;2009;1994;no information;no information;24_1994_2009;N75
21;24;Populus;8.7;2009;1994;no information;no information;24_1994_2009;N75
21;24;Populus;9.5;2009;1994;no information;no information;24_1994_2009;N75
21;24;Populus;6.9;2009;1994;no information;no information;24_1994_2009;N75
21;24;Secale montanum;7.4;2009;1994;no information;no information;24_1994_2009;N75
21;24;Helianthus tuberosus;3.9;2009;1994;no information;no information;24_1994_2009;N75
21;24;Secale cereale;7.9;2009;1994;no information;no information;24_1994_2009;N75
21;24;Triticosecale;7.8;2009;1994;no information;no information;24_1994_2009;N75
21;24;Cannabis sativa;9;2009;1994;no information;no information;24_1994_2009;N75
21;24;Dactylis glomerata;5.4;2009;1994;no information;no information;24_1994_2009;No fertilization
21;24;Salix;7.1;2009;1994;no information;no information;24_1994_2009;No fertilization
21;24;Populus;7.6;2009;1994;no information;no information;24_1994_2009;No fertilization
21;24;Populus;10.1;2009;1994;no information;no information;24_1994_2009;No fertilization
21;24;Populus;6.9;2009;1994;no information;no information;24_1994_2009;No fertilization
21;24;Secale montanum;6.1;2009;1994;no information;no information;24_1994_2009;No fertilization
21;24;Helianthus tuberosus;3.3;2009;1994;no information;no information;24_1994_2009;No fertilization
21;24;Secale cereale;6.7;2009;1994;no information;no information;24_1994_2009;No fertilization
21;24;Triticosecale;6;2009;1994;no information;no information;24_1994_2009;No fertilization
21;24;Cannabis sativa;7.5;2009;1994;no information;no information;24_1994_2009;No fertilization
22;25;Miscanthus x giganteus;46.27;2008;2006;October;4;25_2006_2008;No management_October
22;25;Miscanthus x giganteus;37.5;2008;2006;October;4;25_2006_2008;No management_October
22;25;Panicum virgatum;20.08;2008;2006;December;4;25_2006_2008;No management_December
22;25;Panicum virgatum;10.55;2008;2006;December;4;25_2006_2008;No management_December
23;26;Miscanthus x giganteus;23;2007;2007;October;1;26_2007_2007;No fertilization_October
23;26;Miscanthus x giganteus;23.6;2008;2008;October;2;26_2008_2008;No fertilization_October
23;26;Miscanthus x giganteus;24;2009;2009;October;3;26_2009_2009;No fertilization_October
23;26;Miscanthus x giganteus;26.1;2010;2010;October;4;26_2010_2010;No fertilization_October
23;26;Miscanthus x giganteus;22.7;2007;2007;October;1;26_2007_2007;N120_October
23;26;Miscanthus x giganteus;26.2;2008;2008;October;2;26_2008_2008;N120_October
23;26;Miscanthus x giganteus;27.7;2009;2009;October;3;26_2009_2009;N120_October
23;26;Miscanthus x giganteus;28.4;2010;2010;October;4;26_2010_2010;N120_October
23;26;Miscanthus x giganteus;14.3;2007;2007;February;1;26_2007_2007;No fertilization_February
23;26;Miscanthus x giganteus;18.5;2008;2008;February;2;26_2008_2008;No fertilization_February
23;26;Miscanthus x giganteus;20.9;2009;2009;February;3;26_2009_2009;No fertilization_February
23;26;Miscanthus x giganteus;22.2;2010;2010;February;4;26_2010_2010;No fertilization_February
23;26;Miscanthus x giganteus;15.4;2007;2007;February;1;26_2007_2007;N120_February
23;26;Miscanthus x giganteus;19.5;2008;2008;February;2;26_2008_2008;N120_February
23;26;Miscanthus x giganteus;20.5;2009;2009;February;3;26_2009_2009;N120_February
23;26;Miscanthus x giganteus;22;2010;2010;February;4;26_2010_2010;N120_February
23;26;Panicum virgatum;19.6;2007;2007;October;1;26_2007_2007;No fertilization_October
23;26;Panicum virgatum;18.9;2008;2008;October;2;26_2008_2008;No fertilization_October
23;26;Panicum virgatum;14.9;2009;2009;October;3;26_2009_2009;No fertilization_October
23;26;Panicum virgatum;9.2;2010;2010;October;4;26_2010_2010;No fertilization_October
23;26;Panicum virgatum;19.3;2007;2007;October;1;26_2007_2007;N120_October
23;26;Panicum virgatum;20.1;2008;2008;October;2;26_2008_2008;N120_October
23;26;Panicum virgatum;19.5;2009;2009;October;3;26_2009_2009;N120_October
23;26;Panicum virgatum;18.2;2010;2010;October;4;26_2010_2010;N120_October
23;26;Panicum virgatum;15.9;2007;2007;February;1;26_2007_2007;No fertilization_February
23;26;Panicum virgatum;16.7;2008;2008;February;2;26_2008_2008;No fertilization_February
23;26;Panicum virgatum;13.8;2009;2009;February;3;26_2009_2009;No fertilization_February
23;26;Panicum virgatum;12.6;2010;2010;February;4;26_2010_2010;No fertilization_February
23;26;Panicum virgatum;17.5;2007;2007;February;1;26_2007_2007;N120_February
23;26;Panicum virgatum;19.4;2008;2008;February;2;26_2008_2008;N120_February
23;26;Panicum virgatum;17.5;2009;2009;February;3;26_2009_2009;N120_February
23;26;Panicum virgatum;16;2010;2010;February;4;26_2010_2010;N120_February
23;26;Festuca arundinacea;16.6;2007;2007;no information;1;26_2007_2007;N90
23;26;Festuca arundinacea;7.5;2008;2008;no information;2;26_2008_2008;N90
23;26;Festuca arundinacea;5.8;2009;2009;no information;3;26_2009_2009;N90
23;26;Festuca arundinacea;6;2010;2010;no information;4;26_2010_2010;N90
23;26;Festuca arundinacea;19.1;2007;2007;no information;1;26_2007_2007;N180
23;26;Festuca arundinacea;11.4;2008;2008;no information;2;26_2008_2008;N180
23;26;Festuca arundinacea;6.4;2009;2009;no information;3;26_2009_2009;N180
23;26;Festuca arundinacea;8;2010;2010;no information;4;26_2010_2010;N180
23;26;Medicago sativa;14.6;2007;2007;no information;1;26_2007_2007;No fertilization
23;26;Medicago sativa;15.8;2008;2008;no information;2;26_2008_2008;No fertilization
23;26;Medicago sativa;3.3;2009;2009;no information;3;26_2009_2009;No fertilization
23;26;Medicago sativa;12.7;2010;2010;no information;4;26_2010_2010;No fertilization
23;26;Medicago sativa;14.6;2007;2007;no information;1;26_2007_2007;No fertilization
23;26;Medicago sativa;16;2008;2008;no information;2;26_2008_2008;No fertilization
23;26;Medicago sativa;3.2;2009;2009;no information;3;26_2009_2009;No fertilization
23;26;Medicago sativa;12.6;2010;2010;no information;4;26_2010_2010;No fertilization
23;26;Triticosecale;12.6;2007;2007;no information;1;26_2007_2007;N60
23;26;Triticosecale;11.7;2008;2008;no information;1;26_2008_2008;N60
23;26;Triticosecale;7.6;2009;2009;no information;1;26_2009_2009;N60
23;26;Triticosecale;8.1;2010;2010;no information;1;26_2010_2010;N60
23;26;Triticosecale;13.1;2007;2007;no information;1;26_2007_2007;N120
23;26;Triticosecale;14.6;2008;2008;no information;1;26_2008_2008;N120
23;26;Triticosecale;10.6;2009;2009;no information;1;26_2009_2009;N120
23;26;Triticosecale;12;2010;2010;no information;1;26_2010_2010;N120
23;26;Sorghum bicolor;14;2007;2007;September;1;26_2007_2007;No fertilization
23;26;Sorghum bicolor;11.1;2008;2008;September;1;26_2008_2008;No fertilization
23;26;Sorghum bicolor;12.3;2009;2009;September;1;26_2009_2009;No fertilization
23;26;Sorghum bicolor;12;2010;2010;September;1;26_2010_2010;No fertilization
23;26;Sorghum bicolor;14.5;2007;2007;September;1;26_2007_2007;N120
23;26;Sorghum bicolor;12.6;2008;2008;September;1;26_2008_2008;N120
23;26;Sorghum bicolor;12.4;2009;2009;September;1;26_2009_2009;N120
23;26;Sorghum bicolor;13.5;2010;2010;September;1;26_2010_2010;N120
24;27;Miscanthus x giganteus;39.7;2003;2003;October;7;27_2003_2003;Autum
24;27;Miscanthus x giganteus;28.1;2004;2004;February;8;27_2004_2004;Winter
24;27;Arundo donax;32.1;2003;2003;October;7;27_2003_2003;Autum
24;27;Arundo donax;32.7;2004;2004;February;8;27_2004_2004;Winter
25;28;Panicum virgatum;7.8;1994;1994;autumn time;1;28_1994_1994;No fertilization_Autumn
25;28;Panicum virgatum;10.1;1995;1995;autumn time;2;28_1995_1995;No fertilization_Autumn
25;28;Panicum virgatum;11.05;1996;1996;autumn time;3;28_1996_1996;No fertilization_Autumn
25;28;Panicum virgatum;15.24;1997;1997;autumn time;4;28_1997_1997;No fertilization_Autumn
25;28;Panicum virgatum;1.66;1993;1993;winter time;0;28_1993_1993;No fertilization_Winter
25;28;Panicum virgatum;7.05;1994;1994;winter time;1;28_1994_1994;No fertilization_Winter
25;28;Panicum virgatum;8.11;1995;1995;winter time;2;28_1995_1995;No fertilization_Winter
25;28;Panicum virgatum;10.88;1996;1996;winter time;3;28_1996_1996;No fertilization_Winter
25;28;Panicum virgatum;10.94;1997;1997;winter time;4;28_1997_1997;No fertilization_Winter
25;28;Panicum virgatum;7.96;1994;1994;autumn time;1;28_1994_1994;No fertilization_Autumn
25;28;Panicum virgatum;5.55;1995;1995;autumn time;2;28_1995_1995;No fertilization_Autumn
25;28;Panicum virgatum;6.03;1996;1996;autumn time;3;28_1996_1996;No fertilization_Autumn
25;28;Panicum virgatum;9.39;1997;1997;autumn time;4;28_1997_1997;No fertilization_Autumn
25;28;Panicum virgatum;1.11;1993;1993;winter time;0;28_1993_1993;No fertilization_Winter
25;28;Panicum virgatum;4.14;1994;1994;winter time;1;28_1994_1994;No fertilization_Winter
25;28;Panicum virgatum;5.28;1995;1995;winter time;2;28_1995_1995;No fertilization_Winter
25;28;Panicum virgatum;5.4;1996;1996;winter time;3;28_1996_1996;No fertilization_Winter
25;28;Panicum virgatum;8.45;1997;1997;winter time;4;28_1997_1997;No fertilization_Winter
25;28;Panicum virgatum;8.16;1994;1994;autumn time;1;28_1994_1994;No fertilization_Autumn
25;28;Panicum virgatum;16.54;1996;1996;autumn time;3;28_1996_1996;No fertilization_Autumn
25;28;Panicum virgatum;18.82;1997;1997;autumn time;4;28_1997_1997;No fertilization_Autumn
25;28;Panicum virgatum;2.15;1993;1993;winter time;0;28_1993_1993;No fertilization_Winter
25;28;Panicum virgatum;5.83;1994;1994;winter time;1;28_1994_1994;No fertilization_Winter
25;28;Panicum virgatum;7.1;1995;1995;winter time;2;28_1995_1995;No fertilization_Winter
25;28;Panicum virgatum;12.48;1996;1996;winter time;3;28_1996_1996;No fertilization_Winter
25;28;Panicum virgatum;12.66;1997;1997;winter time;4;28_1997_1997;No fertilization_Winter
25;28;Panicum virgatum;9.71;1994;1994;autumn time;1;28_1994_1994;No fertilization_Autumn
25;28;Panicum virgatum;7.48;1995;1995;autumn time;2;28_1995_1995;No fertilization_Autumn
25;28;Panicum virgatum;10.72;1996;1996;autumn time;3;28_1996_1996;No fertilization_Autumn
25;28;Panicum virgatum;11.56;1997;1997;autumn time;4;28_1997_1997;No fertilization_Autumn
25;28;Panicum virgatum;2.42;1993;1993;winter time;0;28_1993_1993;No fertilization_Winter
25;28;Panicum virgatum;6.94;1994;1994;winter time;1;28_1994_1994;No fertilization_Winter
25;28;Panicum virgatum;8.48;1995;1995;winter time;2;28_1995_1995;No fertilization_Winter
25;28;Panicum virgatum;9.91;1996;1996;winter time;3;28_1996_1996;No fertilization_Winter
25;28;Panicum virgatum;13.38;1997;1997;winter time;4;28_1997_1997;No fertilization_Winter
25;28;Panicum virgatum;8.62;1994;1994;autumn time;1;28_1994_1994;No fertilization_Autumn
25;28;Panicum virgatum;7.48;1995;1995;autumn time;2;28_1995_1995;No fertilization_Autumn
25;28;Panicum virgatum;9.53;1996;1996;autumn time;3;28_1996_1996;No fertilization_Autumn
25;28;Panicum virgatum;14.81;1997;1997;autumn time;4;28_1997_1997;No fertilization_Autumn
25;28;Panicum virgatum;1.34;1993;1993;winter time;0;28_1993_1993;No fertilization_Winter
25;28;Panicum virgatum;6.1;1994;1994;winter time;1;28_1994_1994;No fertilization_Winter
25;28;Panicum virgatum;6.98;1995;1995;winter time;2;28_1995_1995;No fertilization_Winter
25;28;Panicum virgatum;7.36;1996;1996;winter time;3;28_1996_1996;No fertilization_Winter
25;28;Panicum virgatum;10.2;1997;1997;winter time;4;28_1997_1997;No fertilization_Winter
25;28;Panicum virgatum;9.95;1994;1994;autumn time;1;28_1994_1994;No fertilization_Autumn
25;28;Panicum virgatum;8.22;1995;1995;autumn time;2;28_1995_1995;No fertilization_Autumn
25;28;Panicum virgatum;7.35;1996;1996;autumn time;3;28_1996_1996;No fertilization_Autumn
25;28;Panicum virgatum;11.66;1997;1997;autumn time;4;28_1997_1997;No fertilization_Autumn
25;28;Panicum virgatum;1.53;1993;1993;winter time;0;28_1993_1993;No fertilization_Winter
25;28;Panicum virgatum;7.24;1994;1994;winter time;1;28_1994_1994;No fertilization_Winter
25;28;Panicum virgatum;7.35;1995;1995;winter time;2;28_1995_1995;No fertilization_Winter
25;28;Panicum virgatum;11.72;1996;1996;winter time;3;28_1996_1996;No fertilization_Winter
25;28;Panicum virgatum;10.05;1997;1997;winter time;4;28_1997_1997;No fertilization_Winter
25;28;Panicum virgatum;7.16;1994;1994;autumn time;1;28_1994_1994;No fertilization_Autumn
25;28;Panicum virgatum;9.53;1995;1995;autumn time;2;28_1995_1995;No fertilization_Autumn
25;28;Panicum virgatum;9.65;1996;1996;autumn time;3;28_1996_1996;No fertilization_Autumn
25;28;Panicum virgatum;16.88;1997;1997;autumn time;4;28_1997_1997;No fertilization_Autumn
25;28;Panicum virgatum;1.55;1993;1993;winter time;0;28_1993_1993;No fertilization_Winter
25;28;Panicum virgatum;6.18;1994;1994;winter time;1;28_1994_1994;No fertilization_Winter
25;28;Panicum virgatum;8.59;1995;1995;winter time;2;28_1995_1995;No fertilization_Winter
25;28;Panicum virgatum;10.56;1996;1996;winter time;3;28_1996_1996;No fertilization_Winter
25;28;Panicum virgatum;15.12;1997;1997;winter time;4;28_1997_1997;No fertilization_Winter
25;28;Panicum amarum;6.02;1994;1994;autumn time;1;28_1994_1994;No fertilization_Autumn
25;28;Panicum amarum;10.29;1996;1996;autumn time;3;28_1996_1996;No fertilization_Autumn
25;28;Panicum amarum;19.13;1997;1997;autumn time;4;28_1997_1997;No fertilization_Autumn
25;28;Panicum amarum;1.47;1993;1993;winter time;0;28_1993_1993;No fertilization_Winter
25;28;Panicum amarum;6.49;1994;1994;winter time;1;28_1994_1994;No fertilization_Winter
25;28;Panicum amarum;6.53;1995;1995;winter time;2;28_1995_1995;No fertilization_Winter
25;28;Panicum amarum;12.27;1996;1996;winter time;3;28_1996_1996;No fertilization_Winter
25;28;Panicum amarum;11.23;1997;1997;winter time;4;28_1997_1997;No fertilization_Winter
25;28;Panicum virgatum;9.87;1994;1994;autumn time;1;28_1994_1994;N60_Autumn
25;28;Panicum virgatum;10.31;1995;1995;autumn time;2;28_1995_1995;N60_Autumn
25;28;Panicum virgatum;12.89;1996;1996;autumn time;3;28_1996_1996;N60_Autumn
25;28;Panicum virgatum;17;1997;1997;autumn time;4;28_1997_1997;N60_Autumn
25;28;Panicum virgatum;1.66;1993;1993;winter time;0;28_1993_1993;N60_Winter
25;28;Panicum virgatum;7.45;1994;1994;winter time;1;28_1994_1994;N60_Winter
25;28;Panicum virgatum;8.03;1995;1995;winter time;2;28_1995_1995;N60_Winter
25;28;Panicum virgatum;10.11;1996;1996;winter time;3;28_1996_1996;N60_Winter
25;28;Panicum virgatum;11.7;1997;1997;winter time;4;28_1997_1997;N60_Winter
25;28;Panicum virgatum;8.53;1994;1994;autumn time;1;28_1994_1994;N60_Autumn
25;28;Panicum virgatum;5.45;1995;1995;autumn time;2;28_1995_1995;N60_Autumn
25;28;Panicum virgatum;5.53;1996;1996;autumn time;3;28_1996_1996;N60_Autumn
25;28;Panicum virgatum;9.53;1997;1997;autumn time;4;28_1997_1997;N60_Autumn
25;28;Panicum virgatum;1.35;1993;1993;winter time;0;28_1993_1993;N60_Winter
25;28;Panicum virgatum;4.22;1994;1994;winter time;1;28_1994_1994;N60_Winter
25;28;Panicum virgatum;5.7;1995;1995;winter time;2;28_1995_1995;N60_Winter
25;28;Panicum virgatum;5.37;1996;1996;winter time;3;28_1996_1996;N60_Winter
25;28;Panicum virgatum;9.18;1997;1997;winter time;4;28_1997_1997;N60_Winter
25;28;Panicum virgatum;5.84;1994;1994;autumn time;1;28_1994_1994;N60_Autumn
25;28;Panicum virgatum;11.88;1996;1996;autumn time;3;28_1996_1996;N60_Autumn
25;28;Panicum virgatum;19.24;1997;1997;autumn time;4;28_1997_1997;N60_Autumn
25;28;Panicum virgatum;1.64;1993;1993;winter time;0;28_1993_1993;N60_Winter
25;28;Panicum virgatum;5.11;1994;1994;winter time;1;28_1994_1994;N60_Winter
25;28;Panicum virgatum;5.34;1995;1995;winter time;2;28_1995_1995;N60_Winter
25;28;Panicum virgatum;10.78;1996;1996;winter time;3;28_1996_1996;N60_Winter
25;28;Panicum virgatum;15.27;1997;1997;winter time;4;28_1997_1997;N60_Winter
25;28;Panicum virgatum;6.83;1994;1994;autumn time;1;28_1994_1994;N60_Autumn
25;28;Panicum virgatum;9.25;1995;1995;autumn time;2;28_1995_1995;N60_Autumn
25;28;Panicum virgatum;8.2;1996;1996;autumn time;3;28_1996_1996;N60_Autumn
25;28;Panicum virgatum;14.72;1997;1997;autumn time;4;28_1997_1997;N60_Autumn
25;28;Panicum virgatum;2.06;1993;1993;winter time;0;28_1993_1993;N60_Winter
25;28;Panicum virgatum;5.68;1994;1994;winter time;1;28_1994_1994;N60_Winter
25;28;Panicum virgatum;8.22;1995;1995;winter time;2;28_1995_1995;N60_Winter
25;28;Panicum virgatum;9.01;1996;1996;winter time;3;28_1996_1996;N60_Winter
25;28;Panicum virgatum;10.6;1997;1997;winter time;4;28_1997_1997;N60_Winter
25;28;Panicum virgatum;7.84;1994;1994;autumn time;1;28_1994_1994;N60_Autumn
25;28;Panicum virgatum;7.66;1995;1995;autumn time;2;28_1995_1995;N60_Autumn
25;28;Panicum virgatum;9.17;1996;1996;autumn time;3;28_1996_1996;N60_Autumn
25;28;Panicum virgatum;15.86;1997;1997;autumn time;4;28_1997_1997;N60_Autumn
25;28;Panicum virgatum;1.03;1993;1993;winter time;0;28_1993_1993;N60_Winter
25;28;Panicum virgatum;6.87;1994;1994;winter time;1;28_1994_1994;N60_Winter
25;28;Panicum virgatum;8.05;1995;1995;winter time;2;28_1995_1995;N60_Winter
25;28;Panicum virgatum;8.6;1996;1996;winter time;3;28_1996_1996;N60_Winter
25;28;Panicum virgatum;10.7;1997;1997;winter time;4;28_1997_1997;N60_Winter
25;28;Panicum virgatum;7.49;1994;1994;autumn time;1;28_1994_1994;N60_Autumn
25;28;Panicum virgatum;8.11;1995;1995;autumn time;2;28_1995_1995;N60_Autumn
25;28;Panicum virgatum;8.23;1996;1996;autumn time;3;28_1996_1996;N60_Autumn
25;28;Panicum virgatum;12.42;1997;1997;autumn time;4;28_1997_1997;N60_Autumn
25;28;Panicum virgatum;1.47;1993;1993;winter time;0;28_1993_1993;N60_Winter
25;28;Panicum virgatum;6.57;1994;1994;winter time;1;28_1994_1994;N60_Winter
25;28;Panicum virgatum;8.72;1995;1995;winter time;2;28_1995_1995;N60_Winter
25;28;Panicum virgatum;9.95;1996;1996;winter time;3;28_1996_1996;N60_Winter
25;28;Panicum virgatum;15.75;1997;1997;winter time;4;28_1997_1997;N60_Winter
25;28;Panicum virgatum;7.96;1994;1994;autumn time;1;28_1994_1994;N60_Autumn
25;28;Panicum virgatum;8.73;1995;1995;autumn time;2;28_1995_1995;N60_Autumn
25;28;Panicum virgatum;8.66;1996;1996;autumn time;3;28_1996_1996;N60_Autumn
25;28;Panicum virgatum;12.99;1997;1997;autumn time;4;28_1997_1997;N60_Autumn
25;28;Panicum virgatum;1.51;1993;1993;winter time;0;28_1993_1993;N60_Winter
25;28;Panicum virgatum;7.05;1994;1994;winter time;1;28_1994_1994;N60_Winter
25;28;Panicum virgatum;7.3;1995;1995;winter time;2;28_1995_1995;N60_Winter
25;28;Panicum virgatum;9.27;1996;1996;winter time;3;28_1996_1996;N60_Winter
25;28;Panicum virgatum;11.91;1997;1997;winter time;4;28_1997_1997;N60_Winter
25;28;Panicum amarum;8.16;1994;1994;autumn time;1;28_1994_1994;N60_Autumn
25;28;Panicum amarum;12.79;1996;1996;autumn time;3;28_1996_1996;N60_Autumn
25;28;Panicum amarum;19.75;1997;1997;autumn time;4;28_1997_1997;N60_Autumn
25;28;Panicum amarum;1.9;1993;1993;winter time;0;28_1993_1993;N60_Winter
25;28;Panicum amarum;6.61;1994;1994;winter time;1;28_1994_1994;N60_Winter
25;28;Panicum amarum;6.61;1995;1995;winter time;2;28_1995_1995;N60_Winter
25;28;Panicum amarum;12.02;1996;1996;winter time;3;28_1996_1996;N60_Winter
25;28;Panicum amarum;11.35;1997;1997;winter time;4;28_1997_1997;N60_Winter
26;29;Panicum virgatum;8.65;2005;2003;October;1_3;29_2003_2005;Single harvest
26;29;Panicum virgatum;12.01;2005;2003;October;1_3;29_2003_2005;Single harvest
26;29;Panicum virgatum;12.12;2005;2003;October;1_3;29_2003_2005;Single harvest
26;29;Panicum virgatum;12.34;2005;2003;October;1_3;29_2003_2005;Single harvest
26;29;Cynodon dactylon;4.95;2005;2003;October;1_3;29_2003_2005;Single harvest
26;29;Cynodon dactylon;6.68;2005;2003;October;1_3;29_2003_2005;Single harvest
26;29;Cynodon dactylon;8.09;2005;2003;October;1_3;29_2003_2005;Single harvest
26;29;Cynodon dactylon;10.51;2005;2003;October;1_3;29_2003_2005;Single harvest
26;29;Pennisetum flaccidum;8.4;2005;2003;October;1_3;29_2003_2005;Single harvest
26;29;Pennisetum flaccidum;9.81;2005;2003;October;1_3;29_2003_2005;Single harvest
26;29;Pennisetum flaccidum;9.07;2005;2003;October;1_3;29_2003_2005;Single harvest
26;29;Pennisetum flaccidum;9.72;2005;2003;October;1_3;29_2003_2005;Single harvest
26;29;Eragrostis curvula;5.98;2005;2003;October;1_3;29_2003_2005;Single harvest
26;29;Eragrostis curvula;7.97;2005;2003;October;1_3;29_2003_2005;Single harvest
26;29;Eragrostis curvula;8.22;2005;2003;October;1_3;29_2003_2005;Single harvest
26;29;Eragrostis curvula;9.16;2005;2003;October;1_3;29_2003_2005;Single harvest
26;29;Panicum virgatum;8.31;2005;2003;July and October;1_3;29_2003_2005;Double harvest
26;29;Panicum virgatum;9.16;2005;2003;July and October;1_3;29_2003_2005;Double harvest
26;29;Panicum virgatum;11.94;2005;2003;July and October;1_3;29_2003_2005;Double harvest
26;29;Panicum virgatum;13.82;2005;2003;July and October;1_3;29_2003_2005;Double harvest
26;29;Cynodon dactylon;7.32;2005;2003;July and October;1_3;29_2003_2005;Double harvest
26;29;Cynodon dactylon;9.07;2005;2003;July and October;1_3;29_2003_2005;Double harvest
26;29;Cynodon dactylon;11.96;2005;2003;July and October;1_3;29_2003_2005;Double harvest
26;29;Cynodon dactylon;14.54;2005;2003;July and October;1_3;29_2003_2005;Double harvest
26;29;Pennisetum flaccidum;8.51;2005;2003;July and October;1_3;29_2003_2005;Double harvest
26;29;Pennisetum flaccidum;9.09;2005;2003;July and October;1_3;29_2003_2005;Double harvest
26;29;Pennisetum flaccidum;12.77;2005;2003;July and October;1_3;29_2003_2005;Double harvest
26;29;Pennisetum flaccidum;14;2005;2003;July and October;1_3;29_2003_2005;Double harvest
26;29;Eragrostis curvula;6.36;2005;2003;July and October;1_3;29_2003_2005;Double harvest
26;29;Eragrostis curvula;8.09;2005;2003;July and October;1_3;29_2003_2005;Double harvest
26;29;Eragrostis curvula;11.65;2005;2003;July and October;1_3;29_2003_2005;Double harvest
26;29;Eragrostis curvula;12.34;2005;2003;July and October;1_3;29_2003_2005;Double harvest
27;30;Arundo donax;13.4;2009;2009;November;1;30_2009_2009;No management
27;30;Arundo donax;29.1;2010;2010;November;2;30_2010_2010;No management
27;30;Pennisetum purpureum;35.5;2009;2009;November;1;30_2009_2009;No management
27;30;Pennisetum purpureum;38.9;2010;2010;November;2;30_2010_2010;No management
27;30;Saccharum spp;38.4;2009;2009;November;1;30_2009_2009;No management
27;30;Saccharum spp;40.9;2010;2010;November;1;30_2010_2010;No management
28;31;Arundo donax;13.35;2009;2009;November;1;31_2009_2009;No management
28;31;Arundo donax;28.84;2010;2010;November;2;31_2010_2010;No management
28;31;Saccharum spp;38.27;2009;2009;November;1;31_2009_2009;No management
28;31;Saccharum spp;40.67;2010;2010;November;2;31_2010_2010;No management
28;31;Saccharum arundinaceum;14.58;2009;2009;November;1;31_2009_2009;No management
28;31;Saccharum arundinaceum;15.67;2010;2010;November;2;31_2010_2010;No management
28;31;Saccharum spp;32.72;2009;2009;November;1;31_2009_2009;No management
28;31;Saccharum spp;27.27;2010;2010;November;2;31_2010_2010;No management
28;31;Pennisetum purpureum;26.11;2009;2009;November;1;31_2009_2009;No management
28;31;Pennisetum purpureum;41.67;2010;2010;November;2;31_2010_2010;No management
28;31;Miscanthus x giganteus;31.11;2009;2009;November;0;31_2009_2009;No management
28;31;Miscanthus x giganteus;41.04;2010;2010;November;1;31_2010_2010;No management
28;32;Arundo donax;34.79;2009;2009;November;1;32_2009_2009;No management
28;32;Arundo donax;38.63;2010;2010;November;2;32_2010_2010;No management
28;32;Saccharum spp;35.41;2009;2009;November;1;32_2009_2009;No management
28;32;Saccharum spp;38.62;2010;2010;November;2;32_2010_2010;No management
28;32;Saccharum arundinaceum;32.74;2009;2009;November;1;32_2009_2009;No management
28;32;Saccharum arundinaceum;24.35;2010;2010;November;2;32_2010_2010;No management
28;32;Saccharum spp;30.95;2009;2009;November;1;32_2009_2009;No management
28;32;Saccharum spp;19.1;2010;2010;November;2;32_2010_2010;No management
28;32;Pennisetum purpureum;28.72;2009;2009;November;1;32_2009_2009;No management
28;32;Pennisetum purpureum;49.93;2010;2010;November;2;32_2010_2010;No management
28;32;Miscanthus x giganteus;34.16;2009;2009;November;0;32_2009_2009;No management
28;32;Miscanthus x giganteus;48.18;2010;2010;November;1;32_2010_2010;No management
28;33;Arundo donax;35.88;2009;2009;November;1;33_2009_2009;No management
28;33;Arundo donax;30.88;2010;2010;November;2;33_2010_2010;No management
28;33;Saccharum spp;10.66;2009;2009;November;1;33_2009_2009;No management
28;33;Saccharum spp;13.15;2010;2010;November;2;33_2010_2010;No management
28;33;Saccharum arundinaceum;30.54;2009;2009;November;1;33_2009_2009;No management
28;33;Saccharum arundinaceum;27.34;2010;2010;November;2;33_2010_2010;No management
28;33;Saccharum spp;9.27;2009;2009;November;1;33_2009_2009;No management
28;33;Saccharum spp;7.2;2010;2010;November;2;33_2010_2010;No management
28;33;Pennisetum purpureum;36.81;2009;2009;November;1;33_2009_2009;No management
28;33;Pennisetum purpureum;50.31;2010;2010;November;2;33_2010_2010;No management
28;33;Miscanthus x giganteus;10.28;2009;2009;November;0;33_2009_2009;No management
28;33;Miscanthus x giganteus;26.89;2010;2010;November;1;33_2010_2010;No management
29;34;Sida hermaphrodita;15.31;2006;2006;November;3;34_2006_2006;No management
29;34;Sida hermaphrodita;20.75;2007;2007;November;4;34_2007_2007;No management
29;34;Sida hermaphrodita;22.63;2008;2008;November;5;34_2008_2008;No management
29;34;Salix;12.9;2006;2006;November;3;34_2006_2006;No management
29;34;Salix;16.59;2007;2007;November;4;34_2007_2007;No management
29;34;Salix;13.47;2008;2008;November;5;34_2008_2008;No management
29;34;Salix;13.57;2006;2006;November;3;34_2006_2006;No management
29;34;Salix;17.84;2007;2007;November;4;34_2007_2007;No management
29;34;Salix;12.74;2008;2008;November;4;34_2008_2008;No management
30;35;Miscanthus x giganteus;13.8;2008;2008;January;3;35_2008_2008;No management
30;35;Miscanthus x giganteus;22.2;2009;2009;January;4;35_2009_2009;No management
30;35;Zea mays;16.51;2007;2007;October;1;35_2007_2007;No management
30;35;Zea mays;15.8;2008;2008;December;1;35_2008_2008;No management
